{
  "Get Booking After Update" : {
    "transaction" : "Get Booking After Update",
    "sampleCount" : 13000,
    "errorCount" : 0,
    "errorPct" : 0.0,
    "meanResTime" : 900.4456923076901,
    "medianResTime" : 1006.0,
    "minResTime" : 295.0,
    "maxResTime" : 22429.0,
    "pct1ResTime" : 1175.0,
    "pct2ResTime" : 1263.949999999999,
    "pct3ResTime" : 4275.919999999998,
    "throughput" : 129.24392305015658,
    "receivedKBytesPerSec" : 52.73419053226127,
    "sentKBytesPerSec" : 23.643259199309043
  },
  "Total" : {
    "transaction" : "Total",
    "sampleCount" : 78000,
    "errorCount" : 0,
    "errorPct" : 0.0,
    "meanResTime" : 1260.9812435897463,
    "medianResTime" : 344.0,
    "minResTime" : 295.0,
    "maxResTime" : 72023.0,
    "pct1ResTime" : 480.0,
    "pct2ResTime" : 581.0,
    "pct3ResTime" : 22071.920000000013,
    "throughput" : 749.718855429214,
    "receivedKBytesPerSec" : 270.8446565861119,
    "sentKBytesPerSec" : 217.56189385711127
  },
  "Create Booking" : {
    "transaction" : "Create Booking",
    "sampleCount" : 13000,
    "errorCount" : 0,
    "errorPct" : 0.0,
    "meanResTime" : 873.2724615384576,
    "medianResTime" : 1006.0,
    "minResTime" : 295.0,
    "maxResTime" : 22408.0,
    "pct1ResTime" : 1169.0,
    "pct2ResTime" : 1242.0,
    "pct3ResTime" : 2230.959999999999,
    "throughput" : 129.14890869172154,
    "receivedKBytesPerSec" : 56.39486176720412,
    "sentKBytesPerSec" : 55.21869667950705
  },
  "Login" : {
    "transaction" : "Login",
    "sampleCount" : 13000,
    "errorCount" : 0,
    "errorPct" : 0.0,
    "meanResTime" : 2241.0171538461686,
    "medianResTime" : 307.0,
    "minResTime" : 295.0,
    "maxResTime" : 72023.0,
    "pct1ResTime" : 1612.8999999999996,
    "pct2ResTime" : 2590.8499999999967,
    "pct3ResTime" : 67620.97,
    "throughput" : 126.92461654120657,
    "receivedKBytesPerSec" : 33.590401447916975,
    "sentKBytesPerSec" : 31.855103956142663
  },
  "DeleteBooking" : {
    "transaction" : "DeleteBooking",
    "sampleCount" : 13000,
    "errorCount" : 0,
    "errorPct" : 0.0,
    "meanResTime" : 1306.9253846153863,
    "medianResTime" : 1698.0,
    "minResTime" : 295.0,
    "maxResTime" : 22518.0,
    "pct1ResTime" : 1976.0,
    "pct2ResTime" : 2160.949999999999,
    "pct3ResTime" : 2403.0,
    "throughput" : 129.5762855462637,
    "receivedKBytesPerSec" : 31.381756655735746,
    "sentKBytesPerSec" : 30.410645081209445
  },
  "Get Booking" : {
    "transaction" : "Get Booking",
    "sampleCount" : 13000,
    "errorCount" : 0,
    "errorPct" : 0.0,
    "meanResTime" : 875.1444615384604,
    "medianResTime" : 998.0,
    "minResTime" : 295.0,
    "maxResTime" : 22442.0,
    "pct1ResTime" : 1158.0,
    "pct2ResTime" : 1232.0,
    "pct3ResTime" : 1397.9899999999998,
    "throughput" : 129.21951413462685,
    "receivedKBytesPerSec" : 52.72506599203312,
    "sentKBytesPerSec" : 23.638793950165997
  },
  "UpdateBooking" : {
    "transaction" : "UpdateBooking",
    "sampleCount" : 13000,
    "errorCount" : 0,
    "errorPct" : 0.0,
    "meanResTime" : 1369.0823076923061,
    "medianResTime" : 1718.0,
    "minResTime" : 297.0,
    "maxResTime" : 22593.0,
    "pct1ResTime" : 1996.0,
    "pct2ResTime" : 2195.949999999999,
    "pct3ResTime" : 4182.98,
    "throughput" : 129.2297904489244,
    "receivedKBytesPerSec" : 52.72842413900652,
    "sentKBytesPerSec" : 59.710570313431944
  }
}