{
  "Get Booking After Update" : {
    "transaction" : "Get Booking After Update",
    "sampleCount" : 1000,
    "errorCount" : 0,
    "errorPct" : 0.0,
    "meanResTime" : 308.49899999999946,
    "medianResTime" : 307.0,
    "minResTime" : 295.0,
    "maxResTime" : 596.0,
    "pct1ResTime" : 315.0,
    "pct2ResTime" : 318.0,
    "pct3ResTime" : 347.98,
    "throughput" : 37.43916136278548,
    "receivedKBytesPerSec" : 15.275250959378509,
    "sentKBytesPerSec" : 6.826138969487083
  },
  "Total" : {
    "transaction" : "Total",
    "sampleCount" : 6000,
    "errorCount" : 0,
    "errorPct" : 0.0,
    "meanResTime" : 329.42766666666694,
    "medianResTime" : 308.0,
    "minResTime" : 295.0,
    "maxResTime" : 1745.0,
    "pct1ResTime" : 317.0,
    "pct2ResTime" : 324.0,
    "pct3ResTime" : 1486.9899999999998,
    "throughput" : 202.49746878164024,
    "receivedKBytesPerSec" : 73.13190811677354,
    "sentKBytesPerSec" : 58.67973891537294
  },
  "Create Booking" : {
    "transaction" : "Create Booking",
    "sampleCount" : 1000,
    "errorCount" : 0,
    "errorPct" : 0.0,
    "meanResTime" : 309.03099999999966,
    "medianResTime" : 308.0,
    "minResTime" : 296.0,
    "maxResTime" : 605.0,
    "pct1ResTime" : 316.0,
    "pct2ResTime" : 319.0,
    "pct3ResTime" : 341.99,
    "throughput" : 37.467216185837394,
    "receivedKBytesPerSec" : 16.337352765548893,
    "sentKBytesPerSec" : 16.018954606125888
  },
  "Login" : {
    "transaction" : "Login",
    "sampleCount" : 1000,
    "errorCount" : 0,
    "errorPct" : 0.0,
    "meanResTime" : 430.08200000000005,
    "medianResTime" : 307.0,
    "minResTime" : 295.0,
    "maxResTime" : 1745.0,
    "pct1ResTime" : 1329.899999999977,
    "pct2ResTime" : 1521.7999999999997,
    "pct3ResTime" : 1646.93,
    "throughput" : 35.621415595055744,
    "receivedKBytesPerSec" : 9.427151978769636,
    "sentKBytesPerSec" : 8.940140437430983
  },
  "DeleteBooking" : {
    "transaction" : "DeleteBooking",
    "sampleCount" : 1000,
    "errorCount" : 0,
    "errorPct" : 0.0,
    "meanResTime" : 309.1180000000003,
    "medianResTime" : 308.0,
    "minResTime" : 295.0,
    "maxResTime" : 667.0,
    "pct1ResTime" : 316.0,
    "pct2ResTime" : 320.0,
    "pct3ResTime" : 353.98,
    "throughput" : 37.453183520599254,
    "receivedKBytesPerSec" : 9.07069288389513,
    "sentKBytesPerSec" : 8.767190426029963
  },
  "Get Booking" : {
    "transaction" : "Get Booking",
    "sampleCount" : 1000,
    "errorCount" : 0,
    "errorPct" : 0.0,
    "meanResTime" : 308.75899999999973,
    "medianResTime" : 307.0,
    "minResTime" : 295.0,
    "maxResTime" : 601.0,
    "pct1ResTime" : 316.0,
    "pct2ResTime" : 320.0,
    "pct3ResTime" : 361.98,
    "throughput" : 37.47423646243208,
    "receivedKBytesPerSec" : 15.290037415682969,
    "sentKBytesPerSec" : 6.832534078133784
  },
  "UpdateBooking" : {
    "transaction" : "UpdateBooking",
    "sampleCount" : 1000,
    "errorCount" : 0,
    "errorPct" : 0.0,
    "meanResTime" : 311.0769999999997,
    "medianResTime" : 309.0,
    "minResTime" : 297.0,
    "maxResTime" : 603.0,
    "pct1ResTime" : 317.9,
    "pct2ResTime" : 322.0,
    "pct3ResTime" : 369.93000000000006,
    "throughput" : 37.45458631409416,
    "receivedKBytesPerSec" : 15.281544369639311,
    "sentKBytesPerSec" : 17.282365444398664
  }
}