{
  "Get Booking After Update" : {
    "transaction" : "Get Booking After Update",
    "sampleCount" : 100,
    "errorCount" : 0,
    "errorPct" : 0.0,
    "meanResTime" : 310.37,
    "medianResTime" : 309.0,
    "minResTime" : 299.0,
    "maxResTime" : 360.0,
    "pct1ResTime" : 320.9,
    "pct2ResTime" : 328.74999999999994,
    "pct3ResTime" : 359.8299999999999,
    "throughput" : 5.666364460562104,
    "receivedKBytesPerSec" : 2.311810297200816,
    "sentKBytesPerSec" : 1.034775541137806
  },
  "Total" : {
    "transaction" : "Total",
    "sampleCount" : 600,
    "errorCount" : 0,
    "errorPct" : 0.0,
    "meanResTime" : 332.0116666666664,
    "medianResTime" : 310.0,
    "minResTime" : 298.0,
    "maxResTime" : 1783.0,
    "pct1ResTime" : 323.0,
    "pct2ResTime" : 335.0,
    "pct3ResTime" : 1521.6800000000003,
    "throughput" : 29.05287623474724,
    "receivedKBytesPerSec" : 10.494122088659694,
    "sentKBytesPerSec" : 8.424719382505327
  },
  "Create Booking" : {
    "transaction" : "Create Booking",
    "sampleCount" : 100,
    "errorCount" : 0,
    "errorPct" : 0.0,
    "meanResTime" : 311.2400000000001,
    "medianResTime" : 310.0,
    "minResTime" : 300.0,
    "maxResTime" : 359.0,
    "pct1ResTime" : 325.9,
    "pct2ResTime" : 329.9,
    "pct3ResTime" : 358.9,
    "throughput" : 5.668612890425713,
    "receivedKBytesPerSec" : 2.4736520215690723,
    "sentKBytesPerSec" : 2.423830228586815
  },
  "Login" : {
    "transaction" : "Login",
    "sampleCount" : 100,
    "errorCount" : 0,
    "errorPct" : 0.0,
    "meanResTime" : 433.87000000000023,
    "medianResTime" : 309.0,
    "minResTime" : 298.0,
    "maxResTime" : 1783.0,
    "pct1ResTime" : 1325.300000000006,
    "pct2ResTime" : 1535.2999999999997,
    "pct3ResTime" : 1782.5399999999997,
    "throughput" : 5.235327993298781,
    "receivedKBytesPerSec" : 1.3855213732265328,
    "sentKBytesPerSec" : 1.3139446233181509
  },
  "DeleteBooking" : {
    "transaction" : "DeleteBooking",
    "sampleCount" : 100,
    "errorCount" : 0,
    "errorPct" : 0.0,
    "meanResTime" : 311.57,
    "medianResTime" : 310.0,
    "minResTime" : 300.0,
    "maxResTime" : 358.0,
    "pct1ResTime" : 318.9,
    "pct2ResTime" : 330.95,
    "pct3ResTime" : 357.96,
    "throughput" : 5.665080444142307,
    "receivedKBytesPerSec" : 1.3720116700657148,
    "sentKBytesPerSec" : 1.3277532290958531
  },
  "Get Booking" : {
    "transaction" : "Get Booking",
    "sampleCount" : 100,
    "errorCount" : 0,
    "errorPct" : 0.0,
    "meanResTime" : 309.41000000000014,
    "medianResTime" : 308.5,
    "minResTime" : 299.0,
    "maxResTime" : 356.0,
    "pct1ResTime" : 315.0,
    "pct2ResTime" : 326.74999999999994,
    "pct3ResTime" : 355.8499999999999,
    "throughput" : 5.670863105364636,
    "receivedKBytesPerSec" : 2.314033348219349,
    "sentKBytesPerSec" : 1.035597070999206
  },
  "UpdateBooking" : {
    "transaction" : "UpdateBooking",
    "sampleCount" : 100,
    "errorCount" : 0,
    "errorPct" : 0.0,
    "meanResTime" : 315.61,
    "medianResTime" : 314.0,
    "minResTime" : 303.0,
    "maxResTime" : 370.0,
    "pct1ResTime" : 331.0,
    "pct2ResTime" : 338.84999999999997,
    "pct3ResTime" : 369.92999999999995,
    "throughput" : 5.666043401892458,
    "receivedKBytesPerSec" : 2.311679309026007,
    "sentKBytesPerSec" : 2.6160078120573402
  }
}