{
  "Get Booking After Update" : {
    "transaction" : "Get Booking After Update",
    "sampleCount" : 5000,
    "errorCount" : 0,
    "errorPct" : 0.0,
    "meanResTime" : 460.69800000000066,
    "medianResTime" : 496.0,
    "minResTime" : 296.0,
    "maxResTime" : 671.0,
    "pct1ResTime" : 553.9000000000005,
    "pct2ResTime" : 566.9499999999998,
    "pct3ResTime" : 587.0,
    "throughput" : 136.3623967054845,
    "receivedKBytesPerSec" : 55.63929354903591,
    "sentKBytesPerSec" : 24.902117367114844
  },
  "Total" : {
    "transaction" : "Total",
    "sampleCount" : 30000,
    "errorCount" : 0,
    "errorPct" : 0.0,
    "meanResTime" : 505.4887333333327,
    "medianResTime" : 511.0,
    "minResTime" : 295.0,
    "maxResTime" : 2115.0,
    "pct1ResTime" : 746.0,
    "pct2ResTime" : 787.0,
    "pct3ResTime" : 833.9900000000016,
    "throughput" : 757.7096961584119,
    "receivedKBytesPerSec" : 273.69164846058646,
    "sentKBytesPerSec" : 219.72032224761952
  },
  "Create Booking" : {
    "transaction" : "Create Booking",
    "sampleCount" : 5000,
    "errorCount" : 0,
    "errorPct" : 0.0,
    "meanResTime" : 459.2442000000002,
    "medianResTime" : 493.0,
    "minResTime" : 296.0,
    "maxResTime" : 677.0,
    "pct1ResTime" : 553.0,
    "pct2ResTime" : 566.0,
    "pct3ResTime" : 587.0,
    "throughput" : 136.42192573190363,
    "receivedKBytesPerSec" : 59.526934590802426,
    "sentKBytesPerSec" : 58.32791375917437
  },
  "Login" : {
    "transaction" : "Login",
    "sampleCount" : 5000,
    "errorCount" : 0,
    "errorPct" : 0.0,
    "meanResTime" : 432.74080000000026,
    "medianResTime" : 309.0,
    "minResTime" : 295.0,
    "maxResTime" : 2115.0,
    "pct1ResTime" : 1174.100000000387,
    "pct2ResTime" : 1535.0,
    "pct3ResTime" : 1622.0,
    "throughput" : 131.53048876729625,
    "receivedKBytesPerSec" : 34.809338335876255,
    "sentKBytesPerSec" : 33.011069934760876
  },
  "DeleteBooking" : {
    "transaction" : "DeleteBooking",
    "sampleCount" : 5000,
    "errorCount" : 0,
    "errorPct" : 0.0,
    "meanResTime" : 607.3486000000017,
    "medianResTime" : 684.0,
    "minResTime" : 296.0,
    "maxResTime" : 924.0,
    "pct1ResTime" : 785.0,
    "pct2ResTime" : 814.0,
    "pct3ResTime" : 846.9899999999998,
    "throughput" : 136.29920401264854,
    "receivedKBytesPerSec" : 33.00996347181333,
    "sentKBytesPerSec" : 31.94512594046451
  },
  "Get Booking" : {
    "transaction" : "Get Booking",
    "sampleCount" : 5000,
    "errorCount" : 0,
    "errorPct" : 0.0,
    "meanResTime" : 460.6898000000001,
    "medianResTime" : 495.0,
    "minResTime" : 295.0,
    "maxResTime" : 654.0,
    "pct1ResTime" : 553.0,
    "pct2ResTime" : 567.0,
    "pct3ResTime" : 587.0,
    "throughput" : 136.45170973992305,
    "receivedKBytesPerSec" : 55.67557561300931,
    "sentKBytesPerSec" : 24.9184274622711
  },
  "UpdateBooking" : {
    "transaction" : "UpdateBooking",
    "sampleCount" : 5000,
    "errorCount" : 0,
    "errorPct" : 0.0,
    "meanResTime" : 612.210999999999,
    "medianResTime" : 691.0,
    "minResTime" : 298.0,
    "maxResTime" : 925.0,
    "pct1ResTime" : 790.0,
    "pct2ResTime" : 817.0,
    "pct3ResTime" : 842.0,
    "throughput" : 136.39587538872826,
    "receivedKBytesPerSec" : 55.65295369530525,
    "sentKBytesPerSec" : 62.97890403356702
  }
}