{
  "Get Booking After Update" : {
    "transaction" : "Get Booking After Update",
    "sampleCount" : 14000,
    "errorCount" : 0,
    "errorPct" : 0.0,
    "meanResTime" : 1223.1510000000035,
    "medianResTime" : 1284.0,
    "minResTime" : 296.0,
    "maxResTime" : 43522.0,
    "pct1ResTime" : 1529.0,
    "pct2ResTime" : 1579.949999999999,
    "pct3ResTime" : 4566.799999999996,
    "throughput" : 98.63669989784056,
    "receivedKBytesPerSec" : 40.246092236322966,
    "sentKBytesPerSec" : 18.109081621869166
  },
  "Total" : {
    "transaction" : "Total",
    "sampleCount" : 84000,
    "errorCount" : 324,
    "errorPct" : 0.3857143,
    "meanResTime" : 1776.6980595238026,
    "medianResTime" : 676.5,
    "minResTime" : 295.0,
    "maxResTime" : 84247.0,
    "pct1ResTime" : 1158.0,
    "pct2ResTime" : 1232.0,
    "pct3ResTime" : 1338.0,
    "throughput" : 578.0545711041531,
    "receivedKBytesPerSec" : 210.6925848587551,
    "sentKBytesPerSec" : 167.79153530691946
  },
  "Create Booking" : {
    "transaction" : "Create Booking",
    "sampleCount" : 14000,
    "errorCount" : 0,
    "errorPct" : 0.0,
    "meanResTime" : 1526.5762142857104,
    "medianResTime" : 1254.5,
    "minResTime" : 296.0,
    "maxResTime" : 43654.0,
    "pct1ResTime" : 1515.0,
    "pct2ResTime" : 1582.0,
    "pct3ResTime" : 23773.989999999998,
    "throughput" : 98.51731441800897,
    "receivedKBytesPerSec" : 43.08340282322475,
    "sentKBytesPerSec" : 42.121319674611385
  },
  "Login" : {
    "transaction" : "Login",
    "sampleCount" : 14000,
    "errorCount" : 108,
    "errorPct" : 0.7714286,
    "meanResTime" : 2682.621642857136,
    "medianResTime" : 309.0,
    "minResTime" : 295.0,
    "maxResTime" : 84247.0,
    "pct1ResTime" : 1650.0,
    "pct2ResTime" : 2884.2499999999836,
    "pct3ResTime" : 71713.0,
    "throughput" : 97.394014442141,
    "receivedKBytesPerSec" : 27.714385313330457,
    "sentKBytesPerSec" : 24.255049923128293
  },
  "DeleteBooking" : {
    "transaction" : "DeleteBooking",
    "sampleCount" : 14000,
    "errorCount" : 108,
    "errorPct" : 0.7714286,
    "meanResTime" : 1931.5212857142842,
    "medianResTime" : 2226.0,
    "minResTime" : 296.0,
    "maxResTime" : 31111.0,
    "pct1ResTime" : 2687.0,
    "pct2ResTime" : 2758.0,
    "pct3ResTime" : 2970.0,
    "throughput" : 98.6450399160108,
    "receivedKBytesPerSec" : 23.89356816724562,
    "sentKBytesPerSec" : 23.20511716740768
  },
  "Get Booking" : {
    "transaction" : "Get Booking",
    "sampleCount" : 14000,
    "errorCount" : 0,
    "errorPct" : 0.0,
    "meanResTime" : 1273.769571428578,
    "medianResTime" : 1253.0,
    "minResTime" : 297.0,
    "maxResTime" : 43803.0,
    "pct1ResTime" : 1498.0,
    "pct2ResTime" : 1553.0,
    "pct3ResTime" : 4428.949999999999,
    "throughput" : 98.55892767886685,
    "receivedKBytesPerSec" : 40.214132470238724,
    "sentKBytesPerSec" : 18.09480312854196
  },
  "UpdateBooking" : {
    "transaction" : "UpdateBooking",
    "sampleCount" : 14000,
    "errorCount" : 108,
    "errorPct" : 0.7714286,
    "meanResTime" : 2022.548642857131,
    "medianResTime" : 2246.0,
    "minResTime" : 296.0,
    "maxResTime" : 44238.0,
    "pct1ResTime" : 2690.8999999999996,
    "pct2ResTime" : 2785.0,
    "pct3ResTime" : 4318.949999999999,
    "throughput" : 98.60335392265272,
    "receivedKBytesPerSec" : 40.10927337031546,
    "sentKBytesPerSec" : 45.61363915486361
  }
}