{
  "Get Booking After Update" : {
    "transaction" : "Get Booking After Update",
    "sampleCount" : 10000,
    "errorCount" : 0,
    "errorPct" : 0.0,
    "meanResTime" : 1205.8472999999965,
    "medianResTime" : 1286.0,
    "minResTime" : 297.0,
    "maxResTime" : 18157.0,
    "pct1ResTime" : 1393.0,
    "pct2ResTime" : 1436.0,
    "pct3ResTime" : 2489.9699999999993,
    "throughput" : 97.87800485474904,
    "receivedKBytesPerSec" : 39.936328828498155,
    "sentKBytesPerSec" : 17.957918422353377
  },
  "Total" : {
    "transaction" : "Total",
    "sampleCount" : 60000,
    "errorCount" : 0,
    "errorPct" : 0.0,
    "meanResTime" : 1385.9032833333388,
    "medianResTime" : 1032.0,
    "minResTime" : 295.0,
    "maxResTime" : 64611.0,
    "pct1ResTime" : 2218.0,
    "pct2ResTime" : 2389.0,
    "pct3ResTime" : 9106.900000000016,
    "throughput" : 570.1796065760715,
    "receivedKBytesPerSec" : 206.0346421232063,
    "sentKBytesPerSec" : 165.66518355625772
  },
  "Create Booking" : {
    "transaction" : "Create Booking",
    "sampleCount" : 10000,
    "errorCount" : 0,
    "errorPct" : 0.0,
    "meanResTime" : 1171.084200000002,
    "medianResTime" : 1274.0,
    "minResTime" : 299.0,
    "maxResTime" : 17222.0,
    "pct1ResTime" : 1385.0,
    "pct2ResTime" : 1429.0,
    "pct3ResTime" : 1689.8299999999963,
    "throughput" : 97.88471138692847,
    "receivedKBytesPerSec" : 42.79515758214974,
    "sentKBytesPerSec" : 41.85112454238897
  },
  "Login" : {
    "transaction" : "Login",
    "sampleCount" : 10000,
    "errorCount" : 0,
    "errorPct" : 0.0,
    "meanResTime" : 677.756600000003,
    "medianResTime" : 307.0,
    "minResTime" : 295.0,
    "maxResTime" : 64611.0,
    "pct1ResTime" : 1489.0,
    "pct2ResTime" : 1605.0,
    "pct3ResTime" : 8207.0,
    "throughput" : 96.4776027245275,
    "receivedKBytesPerSec" : 25.532646814791946,
    "sentKBytesPerSec" : 24.213617090042547
  },
  "DeleteBooking" : {
    "transaction" : "DeleteBooking",
    "sampleCount" : 10000,
    "errorCount" : 0,
    "errorPct" : 0.0,
    "meanResTime" : 1973.0379000000014,
    "medianResTime" : 2267.0,
    "minResTime" : 297.0,
    "maxResTime" : 18477.0,
    "pct1ResTime" : 2435.0,
    "pct2ResTime" : 2506.949999999999,
    "pct3ResTime" : 2628.0,
    "throughput" : 97.87704685374233,
    "receivedKBytesPerSec" : 23.70459728489072,
    "sentKBytesPerSec" : 23.023644494660807
  },
  "Get Booking" : {
    "transaction" : "Get Booking",
    "sampleCount" : 10000,
    "errorCount" : 0,
    "errorPct" : 0.0,
    "meanResTime" : 1252.5568000000005,
    "medianResTime" : 1281.0,
    "minResTime" : 298.0,
    "maxResTime" : 22916.0,
    "pct1ResTime" : 1395.0,
    "pct2ResTime" : 1446.949999999999,
    "pct3ResTime" : 8341.889999999998,
    "throughput" : 97.90962941205268,
    "receivedKBytesPerSec" : 39.94948092598032,
    "sentKBytesPerSec" : 17.963720657707935
  },
  "UpdateBooking" : {
    "transaction" : "UpdateBooking",
    "sampleCount" : 10000,
    "errorCount" : 0,
    "errorPct" : 0.0,
    "meanResTime" : 2035.1369000000052,
    "medianResTime" : 2277.0,
    "minResTime" : 298.0,
    "maxResTime" : 18295.0,
    "pct1ResTime" : 2461.0,
    "pct2ResTime" : 2572.0,
    "pct3ResTime" : 2704.9699999999993,
    "throughput" : 97.89237712059362,
    "receivedKBytesPerSec" : 39.94219302174189,
    "sentKBytesPerSec" : 45.28380912087751
  }
}