{
  "Get Booking After Update" : {
    "transaction" : "Get Booking After Update",
    "sampleCount" : 15000,
    "errorCount" : 0,
    "errorPct" : 0.0,
    "meanResTime" : 1350.1351333333348,
    "medianResTime" : 1323.0,
    "minResTime" : 297.0,
    "maxResTime" : 43860.0,
    "pct1ResTime" : 1604.0,
    "pct2ResTime" : 1645.0,
    "pct3ResTime" : 8375.909999999998,
    "throughput" : 92.71736039856103,
    "receivedKBytesPerSec" : 37.830994940336375,
    "sentKBytesPerSec" : 16.981371681877462
  },
  "Total" : {
    "transaction" : "Total",
    "sampleCount" : 90000,
    "errorCount" : 783,
    "errorPct" : 0.87,
    "meanResTime" : 1991.8886111111278,
    "medianResTime" : 856.0,
    "minResTime" : 295.0,
    "maxResTime" : 84268.0,
    "pct1ResTime" : 1508.0,
    "pct2ResTime" : 1766.0,
    "pct3ResTime" : 1948.0,
    "throughput" : 544.6260537001289,
    "receivedKBytesPerSec" : 200.59917848454774,
    "sentKBytesPerSec" : 157.6818712991903
  },
  "Create Booking" : {
    "transaction" : "Create Booking",
    "sampleCount" : 15000,
    "errorCount" : 0,
    "errorPct" : 0.0,
    "meanResTime" : 1827.0964666666623,
    "medianResTime" : 1319.0,
    "minResTime" : 297.0,
    "maxResTime" : 43933.0,
    "pct1ResTime" : 1608.0,
    "pct2ResTime" : 1696.0,
    "pct3ResTime" : 24181.85,
    "throughput" : 92.68298711088592,
    "receivedKBytesPerSec" : 40.49113945815981,
    "sentKBytesPerSec" : 39.62697318217768
  },
  "Login" : {
    "transaction" : "Login",
    "sampleCount" : 15000,
    "errorCount" : 261,
    "errorPct" : 1.74,
    "meanResTime" : 3244.764066666688,
    "medianResTime" : 309.0,
    "minResTime" : 295.0,
    "maxResTime" : 84268.0,
    "pct1ResTime" : 1872.699999999999,
    "pct2ResTime" : 4501.899999999998,
    "pct3ResTime" : 84130.99,
    "throughput" : 91.6696713947846,
    "receivedKBytesPerSec" : 28.37715247072682,
    "sentKBytesPerSec" : 22.606618273355906
  },
  "DeleteBooking" : {
    "transaction" : "DeleteBooking",
    "sampleCount" : 15000,
    "errorCount" : 261,
    "errorPct" : 1.74,
    "meanResTime" : 2115.9765333333335,
    "medianResTime" : 2294.0,
    "minResTime" : 296.0,
    "maxResTime" : 44266.0,
    "pct1ResTime" : 2830.0,
    "pct2ResTime" : 2904.0,
    "pct3ResTime" : 3132.9699999999993,
    "throughput" : 92.8005345310789,
    "receivedKBytesPerSec" : 22.48143699307708,
    "sentKBytesPerSec" : 21.776104597029146
  },
  "Get Booking" : {
    "transaction" : "Get Booking",
    "sampleCount" : 15000,
    "errorCount" : 0,
    "errorPct" : 0.0,
    "meanResTime" : 1279.0974666666655,
    "medianResTime" : 1280.0,
    "minResTime" : 297.0,
    "maxResTime" : 43758.0,
    "pct1ResTime" : 1597.0,
    "pct2ResTime" : 1638.0,
    "pct3ResTime" : 2171.0,
    "throughput" : 92.71162974683544,
    "receivedKBytesPerSec" : 37.82844543457031,
    "sentKBytesPerSec" : 16.980322101448156
  },
  "UpdateBooking" : {
    "transaction" : "UpdateBooking",
    "sampleCount" : 15000,
    "errorCount" : 261,
    "errorPct" : 1.74,
    "meanResTime" : 2134.262000000001,
    "medianResTime" : 2304.5,
    "minResTime" : 297.0,
    "maxResTime" : 45631.0,
    "pct1ResTime" : 2887.0,
    "pct2ResTime" : 2951.0,
    "pct3ResTime" : 3149.9799999999996,
    "throughput" : 92.71621421154131,
    "receivedKBytesPerSec" : 37.56935245257566,
    "sentKBytesPerSec" : 42.83643623596895
  }
}